{"resourceType":"ImplementationGuide","id":"hl7.fhir.us.davinci-alerts-0.0.0","text":{"status":"generated","div":"<div xmlns=\"http://www.w3.org/1999/xhtml\"><h2>DaVinciAlerts</h2><p>The official URL for this implementation guide is: </p><pre>http://hl7.org/fhir/us/davinci-alerts/ImplementationGuide/hl7.fhir.us.davinci-alerts-0.0.0</pre></div>"},"url":"http://hl7.org/fhir/us/davinci-alerts/ImplementationGuide/hl7.fhir.us.davinci-alerts-0.0.0","version":"0.0.0","name":"DaVinciAlerts","title":"Da Vinci Alerts","status":"draft","publisher":"HL7 International - Clinical Decision Support Work Group","contact":[{"telecom":[{"system":"url","value":"http://www.hl7.org/Special/committees/cds/index.cfm"}]}],"copyright":"Used by permission of HL7 International - Clinical Decision Support Work Group, all rights reserved Creative Commons License","packageId":"hl7.fhir.us.davinci-alerts","license":"CC0-1.0","fhirVersion":["4.0.0"],"definition":{"grouping":[{"name":"base"},{"id":"alerts-communication-spreadsheet.xml","name":"AlertsCommunication"}],"resource":[{"extension":[{"url":"http://hl7.org/fhir/StructureDefinition/implementationguide-page","valueUri":"CapabilityStatement-server.html"}],"reference":{"reference":"CapabilityStatement/server"},"exampleBoolean":false},{"extension":[{"url":"http://hl7.org/fhir/StructureDefinition/implementationguide-page","valueUri":"CodeSystem-blah-codes.html"}],"reference":{"reference":"CodeSystem/blah-codes"},"exampleBoolean":false},{"extension":[{"url":"http://hl7.org/fhir/StructureDefinition/implementationguide-page","valueUri":"CapabilityStatement-client.html"}],"reference":{"reference":"CapabilityStatement/client"},"exampleBoolean":false},{"extension":[{"url":"http://hl7.org/fhir/StructureDefinition/implementationguide-page","valueUri":"ValueSet-blah-codes.html"}],"reference":{"reference":"ValueSet/blah-codes"},"exampleBoolean":false},{"extension":[{"url":"http://hl7.org/fhir/StructureDefinition/implementationguide-page","valueUri":"StructureDefinition-alerts-communication.html"}],"reference":{"reference":"StructureDefinition/alerts-communication"},"exampleBoolean":false}],"page":{"nameUrl":"index.html","title":"Home","generation":"markdown","page":[{"nameUrl":"guidance.html","title":"General Guidance","generation":"markdown"},{"nameUrl":"profiles.html","title":"Profiles and Extensions","generation":"markdown","page":[{"nameUrl":"StructureDefinition-alerts-communication.html","title":"StructureDefinition Alerts Communication","generation":"generated"}]},{"nameUrl":"operations.html","title":"Operations","generation":"markdown"},{"nameUrl":"terminology.html","title":"Terminology","generation":"markdown","page":[{"nameUrl":"ValueSet-blah-codes.html","title":"ValueSet Blah Codes","generation":"generated"},{"nameUrl":"CodeSystem-blah-codes.html","title":"CodeSystem Blah Codes","generation":"generated"}]},{"nameUrl":"searchparameters.html","title":"Search Parameters","generation":"markdown"},{"nameUrl":"capstatements.html","title":"Capability Statements","generation":"markdown","page":[{"nameUrl":"CapabilityStatement-server.html","title":"CapabilityStatement Server","generation":"generated"},{"nameUrl":"CapabilityStatement-client.html","title":"CapabilityStatement Client","generation":"generated"}]},{"nameUrl":"security.html","title":"Security","generation":"markdown"},{"nameUrl":"downloads.html","title":"Downloads","generation":"markdown"},{"nameUrl":"all-examples.html","title":"All Examples","generation":"markdown"},{"nameUrl":"toc.html","title":"Table of Contents","generation":"html"}]}}}